City,Latitude,Longitude,Temperature (F),Max Temp (F),Humidity (%),Cloudiness (%),Wind Speed (mph)
mataura,-46.1927,168.8643,32.49,32.49,99,99,3.76
kazanskoye,55.6448,69.235,64.8,64.8,74,91,11.21
hobart,-42.8794,147.3294,44.08,46.26,81,11,1.01
saskylakh,71.9167,114.0833,59.07,59.07,61,95,10.8
hermanus,-34.4187,19.2345,63.81,63.81,70,100,25.5
cape town,-33.9258,18.4232,60.3,61.21,73,75,5.99
hilo,19.7297,-155.09,71.2,73.13,84,90,6.91
yellowknife,62.456,-114.3525,50.52,50.52,62,75,5.75
punta arenas,-53.15,-70.9167,42.91,42.91,70,75,18.41
twentynine palms,34.1356,-116.0542,89.04,94.86,16,0,1.99
nadvoitsy,63.8667,34.3167,56.17,56.17,94,100,10.11
hithadhoo,-0.6,73.0833,82.87,82.87,70,96,5.01
busselton,-33.65,115.3333,58.05,59.09,85,22,24.05
carnarvon,-24.8667,113.6333,68.07,68.07,80,90,4.61
nam som,17.7704,102.1895,80.15,80.15,78,100,3.83
airai,-8.9266,125.4092,54.61,54.61,88,42,2.17
husavik,66.0449,-17.3389,62.51,62.51,78,23,9.8
foumban,5.7291,10.9001,68.07,68.07,90,88,1.36
dukat,62.55,155.55,44.91,44.91,85,62,4.79
bethel,41.3712,-73.414,73.33,79.9,76,1,0.0
kuna,43.4918,-116.4201,72.34,76.78,53,1,4.61
bredasdorp,-34.5322,20.0403,63.72,63.72,48,100,23.02
san quintin,30.4833,-115.95,70.2,70.2,74,12,5.23
atambua,-9.1061,124.8925,68.05,68.05,85,35,4.41
clyde river,70.4692,-68.5914,52.03,52.03,58,20,12.66
bloemfontein,-29.1211,26.214,74.68,74.68,9,0,10.36
coffs harbour,-30.3,153.1333,55.65,56.14,92,90,5.75
geraldton,-28.7667,114.6,64.81,64.81,88,11,12.66
albert lea,43.648,-93.3683,73.31,75.22,78,40,8.05
buala,-8.145,159.5921,78.03,78.03,80,89,1.05
severo-kurilsk,50.6789,156.125,52.83,52.83,78,47,10.04
mar del plata,-38.0023,-57.5575,50.02,50.02,66,0,13.8
barrow,71.2906,-156.7887,37.42,37.42,93,90,10.36
vaini,-21.2,-175.2,62.76,62.76,94,40,2.3
boyolangu,-8.1181,111.8935,75.15,75.15,93,52,2.66
luena,-11.7833,19.9167,79.72,79.72,12,14,4.94
russell,32.3502,-85.1999,83.79,87.08,65,1,0.0
hualmay,-11.0964,-77.6139,65.88,65.88,73,70,9.93
kapaa,22.0752,-159.319,73.89,79.12,64,75,10.36
albany,42.6001,-73.9662,78.46,83.53,72,97,1.83
georgetown,5.4112,100.3354,82.6,83.89,84,40,1.01
cherskiy,68.75,161.3,47.3,47.3,65,20,3.47
east london,-33.0153,27.9116,76.14,76.14,41,0,5.75
amursk,50.2261,136.8994,51.96,51.96,95,100,10.74
ngunguru,-35.6167,174.5,45.16,45.16,80,99,16.58
ushuaia,-54.8,-68.3,40.66,40.66,65,75,8.05
garissa,-0.4536,39.6401,85.19,85.19,40,58,23.22
zhigansk,66.7697,123.3711,59.31,59.31,47,99,8.01
omboue,-1.5746,9.2618,77.2,77.2,73,71,10.07
foki,56.693,54.3499,60.89,60.89,66,7,4.12
vestmanna,62.1564,-7.1664,54.52,54.52,94,90,10.36
bud,39.447,-86.1758,80.69,84.22,70,86,7.81
nikolskoye,59.7035,30.7861,73.29,73.29,80,99,3.31
isla aguada,18.7833,-91.4667,82.44,82.44,67,66,12.75
dikson,73.5069,80.5464,48.97,48.97,73,3,3.13
pertuis,43.6925,5.5028,80.65,84.25,37,44,3.0
gladstone,-23.85,151.25,58.93,58.93,67,20,4.61
avarua,-21.2078,-159.775,73.45,73.45,73,90,3.44
walvis bay,-22.9575,14.5053,67.15,67.15,55,5,17.27
rikitea,-23.1203,-134.9692,74.59,74.59,73,44,11.39
naze,28.3667,129.4833,78.58,78.58,86,62,18.77
altea,38.5989,-0.0514,81.9,85.21,76,40,14.09
port alfred,-33.5906,26.891,68.77,68.77,56,52,6.55
zolochiv,49.806,24.8944,82.87,82.87,59,26,2.91
ola,59.5833,151.2833,52.57,52.57,81,72,2.57
atuona,-9.8,-139.0333,77.09,77.09,81,91,17.47
ust-maya,60.4167,134.5333,52.21,52.21,58,7,2.82
amahai,-3.3333,128.9167,76.33,76.33,88,99,2.89
qaanaaq,77.484,-69.3632,39.09,39.09,66,36,2.84
flin flon,54.7682,-101.865,62.44,62.44,88,90,6.91
caravelas,-17.7125,-39.2481,76.15,76.15,57,18,10.74
sangar,63.9242,127.4739,61.97,61.97,36,0,9.82
chokurdakh,70.6333,147.9167,51.57,51.57,60,89,7.92
melfi,40.9965,15.6514,93.96,97.36,18,28,15.84
port elizabeth,-33.918,25.5701,61.09,66.09,88,40,31.07
puerto ayora,-0.7393,-90.3518,71.55,75.16,84,40,5.99
jamestown,42.097,-79.2353,76.32,79.09,71,20,8.01
edeleny,48.3,20.7333,83.48,83.89,39,57,6.55
esperance,-33.8667,121.9,62.44,62.44,78,3,15.01
jaque,7.5175,-78.1703,81.07,81.07,80,99,4.92
sao joao da barra,-21.6403,-41.0511,75.29,75.29,67,97,10.36
waipawa,-41.4122,175.5153,42.17,45.23,66,100,29.1
pochutla,15.7432,-96.4661,86.32,86.83,64,54,4.5
castro,-24.7911,-50.0119,72.61,72.61,42,8,5.41
puerto madryn,-42.7692,-65.0385,52.02,52.02,36,0,7.2
urucui,-7.2294,-44.5561,94.08,94.08,25,3,10.85
cayenne,4.9333,-52.3333,87.1,91.44,74,40,4.0
gobabis,-22.45,18.9667,74.79,74.79,12,0,7.16
norman wells,65.282,-126.8329,48.24,48.24,81,90,3.44
conde,-7.2597,-34.9075,83.66,83.66,58,75,19.57
pangnirtung,66.1451,-65.7125,44.08,44.08,77,98,3.6
panaba,21.2833,-88.2667,92.57,92.57,45,52,8.52
belmonte,-15.8631,-38.8828,75.2,77.5,72,86,14.38
ayolas,-27.4,-56.9,87.33,87.33,30,7,12.33
vestmannaeyjar,63.4427,-20.2734,61.79,61.79,72,0,17.27
tasiilaq,65.6145,-37.6368,46.56,46.56,96,100,18.07
denia,38.8408,0.1057,81.39,85.37,76,64,8.99
burnie,-41.0667,145.9167,47.91,47.91,88,98,4.81
fare,-16.7,-151.0167,78.69,78.69,74,36,12.06
yulara,-25.2406,130.9889,48.04,48.04,37,0,4.61
maarianhamina,60.0973,19.9348,62.46,62.46,88,75,10.36
pankrushikha,53.8319,80.3406,68.27,68.27,62,100,6.51
bluff,-46.6,168.3333,32.81,32.81,65,63,14.03
new norfolk,-42.7826,147.0587,42.22,45.9,82,12,2.95
vila do maio,15.1333,-23.2167,84.99,84.99,84,42,12.75
kaitangata,-46.2817,169.8464,34.32,34.32,93,78,8.52
ribeira grande,38.5167,-28.7,77.4,77.4,65,75,12.66
the valley,18.217,-63.0578,84.63,85.86,74,40,16.11
kodiak,57.79,-152.4072,54.91,54.91,94,90,0.0
ndele,8.4109,20.6473,76.03,76.03,86,55,3.76
kirakira,-10.4544,161.9205,77.0,77.0,86,95,5.77
butaritari,3.0707,172.7902,82.49,82.49,65,13,11.79
zihuatanejo,17.6333,-101.55,80.69,80.69,78,75,0.0
guerrero negro,27.9769,-114.0611,73.87,73.87,71,6,10.0
hameenlinna,60.996,24.4643,68.34,68.34,60,100,5.23
gazojak,41.1875,61.4036,93.38,93.38,11,0,16.22
bosaso,11.2842,49.1816,90.09,90.09,50,3,2.51
torbay,47.6666,-52.7314,74.95,77.88,80,75,16.11
astana,51.1801,71.446,71.55,71.55,40,20,4.47
saldanha,-33.0117,17.9442,59.05,59.05,83,100,17.72
faanui,-16.4833,-151.75,78.85,78.85,74,48,13.02
pevek,69.7008,170.3133,36.52,36.52,84,85,8.93
nouadhibou,20.931,-17.0347,76.98,76.98,69,0,20.71
khatanga,71.9667,102.5,52.83,52.83,65,95,14.2
salta,-24.7859,-65.4117,75.29,77.58,35,0,1.99
saurimo,-9.6608,20.3916,83.68,83.68,12,100,2.17
chiquilistlan,20.2,-103.8167,66.49,66.49,65,99,2.73
vila franca do campo,37.7167,-25.4333,72.01,72.01,68,42,7.47
masallatah,32.6167,14.0,92.86,92.86,42,0,18.28
rawson,-43.3002,-65.1023,51.35,51.35,40,0,7.74
yugorsk,61.3133,63.3319,63.77,63.77,81,74,5.37
cedar city,37.6775,-113.0619,65.37,79.39,39,1,0.0
marovoay,-16.1,46.6333,77.14,77.14,60,36,7.14
soe,-9.8607,124.284,62.28,62.28,87,28,4.63
mahon,39.8885,4.2658,79.36,79.36,53,0,14.97
itoman,26.1247,127.6694,80.74,81.37,96,40,13.8
upernavik,72.7868,-56.1549,40.35,40.35,86,86,4.68
mitsamiouli,-11.3847,43.2844,76.68,76.68,68,36,8.3
gambissara,13.2382,-14.3108,82.36,82.36,79,95,4.7
anloga,5.7947,0.8973,82.62,82.62,82,83,17.31
port macquarie,-31.4333,152.9167,51.76,51.76,63,96,3.42
leningradskiy,69.3833,178.4167,35.47,35.47,85,57,14.74
manzhouli,49.6,117.4333,63.18,63.18,75,79,2.57
ayan,56.45,138.1667,53.28,53.28,63,50,6.76
kiunga,-6.1219,141.2906,72.16,72.16,99,100,1.77
simbahan,6.3032,120.5836,83.05,83.05,71,100,6.4
port hedland,-20.3167,118.5667,60.85,60.85,82,2,5.75
poum,-20.2333,164.0167,69.12,69.12,70,95,22.19
karwar,14.8,74.1333,78.35,78.35,87,98,5.06
iqaluit,63.7506,-68.5145,42.53,42.53,87,90,4.61
saint george,37.1041,-113.5841,74.23,90.54,23,1,0.0
honiara,-9.4333,159.95,76.62,76.62,88,100,3.53
cascais,38.6979,-9.4215,74.82,80.46,43,20,11.99
hambantota,6.1241,81.1185,80.94,80.94,89,20,10.36
buchanan,5.8808,-10.0467,84.16,84.16,71,90,11.83
srednekolymsk,67.45,153.6833,49.57,49.57,74,5,2.66
primorsko-akhtarsk,46.0497,38.1747,79.18,79.18,71,96,11.43
san carlos de bariloche,-41.1456,-71.3082,37.15,37.15,60,0,4.61
faya,18.3851,42.4509,72.12,73.51,63,82,7.58
payo,-3.7508,103.6372,77.7,77.7,77,73,2.82
jacksonville,30.3322,-81.6556,88.02,91.09,71,75,3.0
aljezur,37.3191,-8.8033,71.28,71.28,59,0,16.06
mecayapan,18.2167,-94.8333,74.98,74.98,69,100,1.74
thunder bay,48.4001,-89.3168,64.62,65.28,95,90,10.36
stromness,58.965,-3.296,62.56,62.56,91,92,13.29
tateyama,34.9833,139.8667,82.42,82.42,89,100,19.62
birjand,32.8663,59.2211,88.27,88.27,8,0,13.8
tiksi,71.6872,128.8694,45.5,45.5,87,10,6.13
sao sebastiao,-23.76,-45.4097,73.35,73.35,58,0,4.09
ahuimanu,21.4447,-157.8378,74.82,75.85,72,20,10.36
port hardy,50.6996,-127.4199,59.18,59.18,82,90,10.36
papar,5.7333,115.9333,82.4,82.4,80,99,2.93
wanning,18.8003,110.3967,82.83,82.83,84,99,9.48
douglas,41.3,-96.167,72.95,75.6,84,40,5.01
bereda,43.2686,-7.5406,77.11,82.42,41,21,6.4
bermejo,-32.8833,-68.8,53.51,53.51,24,75,10.36
nemuro,43.3236,145.575,63.9,63.9,91,100,22.48
lokosovo,61.1333,74.8167,70.72,70.72,66,92,4.18
oranjemund,-28.55,16.4333,59.23,59.23,73,86,13.18
lavrentiya,65.5833,-171.0,42.13,42.13,89,100,13.8
thompson,55.7435,-97.8558,64.56,64.56,94,90,2.3
ancud,-41.8697,-73.8203,46.47,52.43,64,1,5.12
samarai,-10.6167,150.6667,77.99,77.99,79,100,17.69
jizan,17.3333,42.6667,92.34,92.34,66,97,7.18
victoria,22.2855,114.1577,85.93,86.32,89,100,1.01
fortuna,40.5982,-124.1573,57.47,67.42,71,90,1.01
dryden,49.7833,-92.7503,62.89,62.89,88,90,8.05
ritchie,-29.038,24.6028,81.61,81.61,13,4,14.79
ponta do sol,32.6667,-17.1,73.29,77.0,78,64,2.55
taboshar,40.5686,69.6413,77.32,77.32,15,0,4.47
lebu,-37.6167,-73.65,50.07,50.07,64,49,11.27
gubkinskiy,64.434,76.5026,69.69,69.69,55,26,7.05
talpa,28.8257,-111.6257,82.78,83.57,55,99,11.23
xiuyan,40.2928,123.2744,70.95,70.95,77,68,0.96
balclutha,-46.2339,169.75,31.8,31.8,98,72,5.3
comodoro rivadavia,-45.8667,-67.5,51.66,51.66,32,0,9.22
kudahuvadhoo,2.6708,72.8944,83.84,83.84,73,100,14.23
cabo san lucas,22.8909,-109.9124,85.95,89.06,72,1,0.0
raudeberg,61.9875,5.1352,63.28,71.38,75,100,7.16
manicore,-5.8092,-61.3003,89.55,89.55,55,0,5.75
college,64.8569,-147.8028,53.87,56.59,91,75,5.75
tevriz,57.509,72.4042,64.08,64.08,93,100,5.1
karratha,-20.7377,116.8463,69.24,69.24,67,1,4.16
alice springs,-23.7,133.8833,42.35,42.35,42,0,0.0
lakhnadon,22.6,79.6,76.53,76.53,87,100,6.91
nanortalik,60.1432,-45.2371,44.38,44.38,86,41,12.21
grand-santi,4.25,-54.3833,90.66,90.66,49,37,4.21
hami,42.8,93.45,86.38,86.38,13,25,11.65
byron bay,-28.65,153.6167,57.02,58.95,73,100,10.58
olavarria,-36.8927,-60.3225,43.84,43.84,75,100,13.56
teluk nibung,3.001,99.8164,78.26,78.26,87,100,2.93
luderitz,-26.6481,15.1594,59.4,59.4,75,64,7.14
hasaki,35.7333,140.8333,79.2,79.2,89,100,7.83
vardo,70.3705,31.1107,68.2,73.15,79,5,10.69
tual,-5.6667,132.75,79.92,79.92,81,100,19.06
provideniya,64.3833,-173.3,44.46,44.46,86,100,13.58
aklavik,68.2191,-135.0107,46.4,46.4,93,75,3.44
najran,17.4924,44.1277,99.25,99.25,12,91,14.67
blantyre,-15.785,35.0085,66.16,66.16,41,0,6.58
tommot,58.9564,126.2925,58.1,58.1,91,53,2.75
isangel,-19.55,169.2667,69.03,69.03,74,83,10.31
katesh,-4.5167,35.3833,67.93,67.93,45,100,4.92
beringovskiy,63.05,179.3167,43.47,43.47,90,100,23.82
malkara,40.89,26.9011,83.44,83.44,35,0,10.78
pozo colorado,-23.4923,-58.7972,94.91,94.91,19,1,14.45
broken hill,-31.95,141.4333,44.31,44.31,70,0,8.05
aksarka,66.5606,67.7975,56.39,56.39,67,100,14.63
kato milea,40.2483,22.3378,87.73,93.15,51,0,6.35
nome,64.5011,-165.4064,50.07,50.07,76,1,12.66
nantucket,41.2835,-70.0995,78.39,82.51,70,90,11.5
broome,42.2506,-75.833,78.78,82.2,63,1,1.99
batemans bay,-35.7167,150.1833,42.91,42.91,79,78,4.52
leeds,53.7964,-1.5477,63.14,67.84,64,40,10.0
miri,4.4148,114.0089,80.74,80.74,89,40,2.3
dunedin,-45.8742,170.5036,36.81,36.81,74,80,4.0
mitu,1.1983,-70.1733,90.68,90.68,48,54,1.7
horsham,51.064,-0.3272,63.68,68.05,66,40,13.8
launceston,-41.45,147.1667,45.77,46.04,97,90,5.75
limbazi,57.5129,24.7194,66.04,67.01,96,100,5.12
arraial do cabo,-22.9661,-42.0278,75.06,75.16,60,20,14.97
dzheguta,43.9671,42.0426,71.04,71.04,78,55,4.72
repnoye,51.5921,43.1861,81.91,81.91,30,100,5.68
moose factory,51.2585,-80.6094,67.98,68.0,49,1,8.05
akdepe,42.0551,59.3788,96.89,96.89,19,0,16.96
alofi,-19.0595,-169.9187,73.29,73.29,83,98,13.8
timra,62.487,17.3257,67.5,69.67,85,90,12.66
kousseri,12.0769,15.0306,89.56,89.56,55,75,6.91
asau,46.4333,26.4,81.52,84.4,54,16,2.35
tura,25.5198,90.2201,75.67,75.67,97,84,6.38
wasilla,61.5814,-149.4394,52.57,54.95,90,90,3.44
los llanos de aridane,28.6585,-17.9182,70.12,70.12,91,75,6.91
hokitika,-42.7167,170.9667,35.38,35.38,79,60,8.66
davila,18.4726,120.5763,78.78,78.78,82,100,14.29
marawi,7.9986,124.2928,67.64,67.64,95,100,2.93
bubaque,11.2833,-15.8333,79.99,79.99,73,21,11.56
ushtobe,45.2514,77.9838,81.84,81.84,21,34,8.01
pisco,-13.7,-76.2167,62.65,63.01,77,90,2.3
xichang,27.8964,102.2634,71.17,71.17,93,100,2.24
mopipi,-21.1833,24.8833,72.77,72.77,15,0,6.87
constantine,36.365,6.6147,105.21,105.21,18,40,14.97
benedita,39.4247,-8.97,71.17,83.97,66,0,14.67
yamoussoukro,6.8206,-5.2767,87.69,87.69,55,75,6.91
lubao,14.9167,120.55,75.99,82.42,88,100,4.45
spartanburg,34.9496,-81.9321,82.69,85.95,57,1,0.0
mitchell,43.7094,-98.0298,71.58,71.58,83,1,9.22
hengshui,37.7322,115.7011,72.95,72.95,93,100,9.01
sisimiut,66.9395,-53.6735,42.94,42.94,84,100,7.29
pokhara,28.2333,83.9833,73.44,73.44,87,99,3.06
lufilufi,-13.8745,-171.5986,74.98,74.98,78,91,13.11
rengasdengklok,-6.1592,107.2981,82.53,82.53,88,4,6.51
pijijiapan,15.7011,-93.23,86.32,86.32,62,92,4.92
minot,48.2325,-101.2963,81.39,82.51,44,1,10.36
daru,-9.0763,143.2092,75.92,75.92,88,98,16.91
coihaique,-45.5752,-72.0662,44.55,44.55,65,20,6.91
prado,-17.3411,-39.2208,75.15,75.15,63,37,11.83
rio grande,-32.035,-52.0986,78.91,78.91,66,0,4.25
indiaroba,-11.5192,-37.5117,79.65,79.65,51,96,8.55
bijar,35.8668,47.6051,79.14,79.14,26,76,3.58
beloha,-25.1667,45.05,66.16,66.16,72,0,7.78
lasa,46.6166,10.7002,72.23,76.91,84,85,3.33
san policarpo,12.1791,125.5072,79.25,79.25,86,100,4.41
warri,5.5167,5.75,80.08,80.08,74,96,9.98
saint-ambroise,48.5501,-71.3324,68.29,72.14,63,6,2.3
san cristobal,7.7669,-72.225,73.58,73.58,48,69,0.45
hit,33.6416,42.8251,104.31,104.31,12,0,5.7
miyang,24.4042,103.4428,69.35,69.35,95,100,2.46
sao felix do xingu,-6.6447,-51.995,95.65,95.65,24,22,4.32
svetlyy,54.675,20.1347,73.45,73.45,76,42,10.25
tete,-16.1564,33.5867,84.29,84.29,30,20,9.22
noumea,-22.2763,166.4572,62.58,62.58,68,75,9.93
anadyr,64.75,177.4833,36.1,36.1,93,0,4.47
tselinnoye,53.0833,85.6667,65.25,65.25,66,43,5.99
ishigaki,24.3448,124.1572,82.35,82.35,88,75,10.76
katsuura,35.1333,140.3,82.51,82.51,91,100,15.68
sao filipe,14.8961,-24.4956,80.17,80.17,78,19,10.38
basco,20.4487,121.9702,83.82,83.82,86,100,23.38
maniitsoq,65.4167,-52.9,40.82,40.82,91,100,7.36
ulagan,50.6321,87.9563,57.15,57.15,72,99,1.66
uruguaiana,-29.7547,-57.0883,80.87,80.87,44,0,15.57
ostersund,63.1792,14.6357,59.45,59.45,94,75,8.05
ketchikan,55.3422,-131.6461,61.27,61.27,82,90,6.91
svetlaya,46.5389,138.3297,58.68,58.68,91,100,15.14
meulaboh,4.1363,96.1285,80.33,80.33,85,100,8.39
bella union,-30.2752,-57.6007,80.85,80.85,45,6,13.58
vao,-22.6667,167.4833,67.32,67.32,62,47,17.38
khuzdar,27.7384,66.6434,90.34,90.34,25,2,6.22
xai-xai,-25.0519,33.6442,66.04,66.04,70,0,9.75
ankang,32.68,109.0172,74.66,74.66,97,100,0.58
surdulica,42.6906,22.1708,95.58,95.58,28,0,2.1
te anau,-45.4167,167.7167,28.22,28.22,97,79,1.39
mehamn,71.0357,27.8492,73.35,73.35,40,0,10.36
harper,4.375,-7.7169,80.06,80.06,73,95,11.43
katihar,25.5333,87.5833,83.66,83.66,81,59,0.34
la paz,-16.5,-68.15,57.18,57.18,22,27,4.61
whitianga,-36.8333,175.7,48.02,48.02,74,16,18.57
tacoronte,28.4769,-16.4102,71.49,75.25,65,75,15.99
bandar-e lengeh,26.5579,54.8807,100.51,100.51,41,0,4.61
chuy,-33.6971,-53.4616,70.05,70.05,70,83,4.16
eravur,7.7733,81.6095,80.35,80.35,81,97,8.05
kentau,43.5206,68.5094,87.49,87.49,14,2,8.72
dali,25.7,100.1833,65.91,65.91,94,100,5.17
ler,8.3018,30.1418,75.83,75.83,89,100,2.46
acarau,-2.8856,-40.12,88.61,88.61,49,2,19.57
batagay-alyta,67.8006,130.4114,59.07,59.07,43,29,0.87
mayo,38.8876,-76.5119,79.27,85.26,72,20,4.0
yaan,7.3833,8.5667,75.85,75.85,84,100,9.35
klyuchi,52.2667,79.1667,68.31,68.31,67,99,4.14
severobaykalsk,55.65,109.3167,53.96,53.96,82,100,2.33
kloulklubed,7.0419,134.2556,77.5,77.5,80,100,18.1
great yarmouth,52.6083,1.7305,64.26,68.45,73,89,19.35
barcelos,41.5388,-8.6151,73.99,80.28,52,10,12.66
salihorsk,52.7876,27.5415,75.27,75.27,60,45,6.98
kavieng,-2.5744,150.7967,81.19,81.19,76,87,10.45
safaga,26.7292,33.9365,100.35,100.35,53,0,3.42
port lincoln,-34.7333,135.8667,54.32,54.32,66,58,10.02
traverse city,44.7631,-85.6206,69.89,70.54,88,90,6.91
kokopo,-4.352,152.2633,75.43,75.43,87,100,4.76
puerto suarez,-18.95,-57.8,93.76,93.76,26,0,12.66
inhambane,-23.865,35.3833,73.38,73.38,68,20,7.72
bandarbeyla,9.4942,50.8122,76.46,76.46,82,80,32.1
burdur,37.7203,30.2908,81.3,84.72,39,40,13.8
aykhal,66.0,111.5,48.99,48.99,85,41,3.27
aripuana,-9.1667,-60.6333,97.32,97.32,22,6,3.69
saint-philippe,-21.3585,55.7679,69.31,69.39,81,41,8.93
flinders,-34.5833,150.8552,51.78,53.2,81,100,1.01
narsaq,60.9167,-46.05,48.42,48.42,64,16,10.89
energetik,51.7445,58.7934,70.57,70.57,34,0,8.34
katherine,-14.4667,132.2667,59.32,59.32,47,3,5.75
kaiyuan,23.6977,103.3037,70.11,70.11,95,100,4.68
kieta,-6.2167,155.6333,76.93,76.93,84,99,4.59
salto,-31.3833,-57.9667,74.1,74.1,57,64,9.48
quatre cocos,-20.2078,57.7625,70.09,70.09,88,94,20.78
agua verde,22.9,-106.05,84.13,84.13,75,24,3.67
agnibilekrou,7.1344,-3.2047,82.47,82.47,60,86,3.87
encruzilhada do sul,-30.5439,-52.5219,75.02,75.02,51,0,5.55
aparecida do taboado,-20.0867,-51.0936,85.46,85.46,27,0,9.17
zambezi,-13.5432,23.1047,80.69,80.69,15,2,4.36
ponta delgada,37.7333,-25.6667,72.32,72.32,73,75,14.97
kruisfontein,-34.0033,24.7314,63.88,63.88,74,97,13.33
kutum,14.2,24.6667,75.92,75.92,52,78,6.78
hamilton,39.1834,-84.5333,84.29,87.26,67,40,1.99
antequera,37.0194,-4.5612,81.75,91.96,19,0,9.37
abu dhabi,24.4667,54.3667,98.62,100.51,63,0,10.36
san patricio,28.017,-97.5169,88.47,89.91,56,8,15.88
taltal,-25.4,-70.4833,58.55,58.55,61,10,8.01
port blair,11.6667,92.75,82.63,82.63,83,84,10.36
half moon bay,37.4636,-122.4286,60.76,69.24,88,90,3.0
komsomolskiy,40.4272,71.7189,90.32,90.32,29,0,4.61
chatellerault,46.8,0.5333,73.09,73.56,49,58,16.67
yeppoon,-23.1333,150.7333,58.78,58.78,79,1,11.05
hornepayne,49.2138,-84.7705,69.21,69.21,69,100,9.71
tumut,-35.3,148.2167,45.59,45.59,76,98,4.07
yarmouth,41.7057,-70.2286,79.23,82.51,65,40,11.5
torquay,50.4638,-3.5143,65.48,69.37,80,65,8.01
tara,56.8944,74.371,63.66,63.66,91,100,5.37
mogadishu,2.0371,45.3438,76.69,76.69,86,25,21.34
port keats,-14.25,129.55,65.86,65.86,31,0,6.8
yeroham,30.9872,34.9314,82.53,82.53,35,0,15.68
paka,4.6374,103.4368,78.73,78.73,89,74,3.44
anzhero-sudzhensk,56.081,86.0285,64.06,64.06,92,7,2.84
gornyy,55.1153,83.9059,66.79,66.79,85,4,2.66
tuktoyaktuk,69.4541,-133.0374,44.6,44.6,87,90,6.91
cidreira,-30.1811,-50.2056,67.89,67.89,69,1,7.76
nioro,13.35,-15.75,85.01,85.01,68,86,8.79
thohoyandou,-22.9456,30.485,69.15,69.15,38,0,4.88
tabas,33.5959,56.9244,95.72,95.72,10,0,9.06
tomohon,1.3346,124.8392,67.14,67.14,90,98,2.93
ruteng,-8.6136,120.4721,61.18,61.18,92,92,1.12
mugur-aksy,50.35,90.5,51.6,51.6,84,86,2.44
gimli,50.6336,-96.9907,71.62,71.62,78,43,12.66
iskitim,54.6366,83.3045,68.25,68.25,84,53,4.27
mandan,46.8267,-100.8896,81.61,81.61,61,1,9.22
grindavik,63.8424,-22.4338,61.14,63.55,67,0,18.41
blaubeuren,48.4122,9.7843,66.18,68.85,82,81,7.81
kars,40.602,43.095,73.85,76.05,40,75,9.22
trincomalee,8.5711,81.2335,81.21,81.21,76,94,18.63
mount pleasant,32.7941,-79.8626,85.89,88.99,75,20,1.99
zheleznogorsk-ilimskiy,56.5768,104.1217,54.99,54.99,54,9,2.3
urucara,-2.5364,-57.76,94.82,94.82,30,56,6.13
paoua,7.2427,16.4406,74.71,74.71,90,88,2.06
salme,28.0369,85.0942,68.29,68.29,91,99,1.41
saint-joseph,-21.3667,55.6167,68.31,68.38,80,24,6.46
kahului,20.8947,-156.47,72.01,73.42,77,20,6.91
havelock,34.8791,-76.9013,80.6,83.98,79,12,3.09
makakilo city,21.3469,-158.0858,72.73,74.68,69,1,3.44
athens,37.9795,23.7162,88.07,91.38,46,20,1.99
portland,45.5234,-122.6762,61.93,65.91,71,40,3.0
codrington,-38.2667,141.9667,48.16,48.16,69,94,9.51
avera,33.194,-82.5271,83.43,86.7,51,13,3.71
nara,34.6851,135.8049,85.28,85.28,70,100,4.81
nortelandia,-14.4547,-56.8028,95.4,95.4,22,7,7.81
constitucion,-35.3333,-72.4167,52.59,52.59,55,99,4.45
puerto del rosario,28.5004,-13.8627,78.55,80.28,65,20,19.57
mount gambier,-37.8333,140.7667,46.31,46.31,87,44,9.22
owando,-0.4819,15.8999,83.98,83.98,55,100,4.79
mookane,-23.688,26.6595,72.27,72.27,23,0,5.14
jabinyanah,35.035,10.9081,91.2,91.2,64,0,15.68
ixtapa,20.7,-105.2,78.03,83.23,83,40,4.61
anandnagar,27.1,83.2833,81.95,81.95,88,99,2.46
pundaguitan,6.3711,126.1689,80.53,80.53,73,100,5.37
thinadhoo,0.5333,72.9333,82.04,82.04,76,100,4.68
fujin,47.26,132.0322,53.26,53.26,88,100,10.49
duzce,40.8389,31.1639,71.4,71.4,94,96,3.09
fairbanks,64.8378,-147.7164,54.09,56.61,91,75,5.75
tuatapere,-46.1333,167.6833,32.83,32.83,85,99,5.26
ayr,55.4627,-4.6339,62.53,63.32,94,75,14.97
sonoita,31.85,-112.8333,89.53,89.53,52,8,11.56
kropotkin,45.4375,40.5756,86.11,86.11,44,49,6.69
verkhnevilyuysk,63.4453,120.3167,66.67,66.67,72,100,1.39
sitka,57.0531,-135.33,57.09,57.09,88,90,8.05
muros,42.7762,-9.0603,68.85,73.9,69,55,12.03
saveh,35.0213,50.3566,96.42,96.42,12,47,12.28
white rock,49.0164,-122.8026,58.35,61.03,94,100,3.0
harwich,51.9419,1.2844,66.83,69.55,70,97,8.99
maralal,1.0968,36.698,66.52,66.52,61,87,4.52
elizabeth city,36.2946,-76.2511,73.78,77.05,83,90,5.75
barcelona,41.3888,2.159,77.31,86.45,66,20,1.01
pacific grove,36.6177,-121.9166,59.61,64.63,88,75,3.0
bastrop,32.7562,-91.8724,84.09,85.82,82,49,1.01
temiscaming,46.7212,-79.0971,69.42,76.48,78,100,5.75
mercedes,-34.6515,-59.4307,54.41,55.89,63,71,18.32
road town,18.4167,-64.6167,81.9,82.49,83,40,8.05
petersburg,37.2279,-77.4019,77.34,81.75,73,90,3.44
abu samrah,35.3029,37.1841,84.79,84.79,41,0,18.66
zeya,53.75,127.2667,48.65,48.65,89,94,4.05
lagoa,39.05,-27.9833,71.69,71.69,82,88,17.29
dauriya,49.9333,116.8667,61.25,61.25,85,96,4.43
varnamo,57.186,14.04,67.48,69.28,81,90,7.23
temir,49.1414,57.13,78.21,78.21,31,19,8.46
lompoc,34.6391,-120.4579,55.35,58.68,97,90,0.0
huarmey,-10.0681,-78.1522,67.78,67.78,72,56,10.67
deputatskiy,69.3,139.9,49.48,49.48,76,60,3.0
grafton,42.207,-71.6856,78.06,82.4,72,90,1.01
shelburne,44.0787,-80.2041,73.71,77.67,61,90,7.81
cartagena,10.3997,-75.5144,89.22,89.22,70,40,9.22
zschopau,50.75,13.0667,70.3,72.01,56,100,10.29
benguela,-12.5763,13.4055,75.33,75.33,76,51,8.93
venado tuerto,-33.7456,-61.9688,57.27,57.27,73,100,15.99
troitskoye,52.9821,84.6757,67.1,67.1,57,18,7.36
vaitape,-16.5167,-151.75,78.82,78.82,74,50,12.86
gwanda,-20.9333,29.0,68.47,68.47,30,0,6.26
periyanayakkanpalaiyam,11.15,76.9333,78.39,78.39,78,40,11.5
jejuri,18.2833,74.1667,74.71,74.71,82,100,9.78
gari,59.4307,62.3497,63.3,63.3,88,60,6.4
san rafael del sur,11.8485,-86.4384,83.37,83.37,56,57,10.02
owasso,36.2695,-95.8547,79.21,82.09,69,90,12.66
ochiltree,55.4597,-4.3626,61.59,62.29,94,75,14.97
hofn,64.2539,-15.2082,66.22,66.22,59,0,9.22
klaksvik,62.2266,-6.589,56.32,56.32,92,82,10.09
necochea,-38.5473,-58.7368,53.04,53.04,43,85,8.41
north bend,43.4065,-124.2243,58.32,60.17,94,1,5.75
sorong,-0.8833,131.25,77.56,77.56,88,100,5.88
cervo,43.6702,-7.4101,68.97,79.2,67,42,7.07
bathsheba,13.2167,-59.5167,86.61,86.61,74,20,23.02
shumyachi,53.8583,32.4242,73.31,73.31,64,91,3.87
oxapampa,-10.5775,-75.4017,72.43,72.43,51,1,5.66
trapani,37.8333,12.6667,90.59,96.89,34,0,17.27
takoradi,4.8845,-1.7554,80.78,80.78,71,83,14.65
bafata,12.1667,-14.75,82.71,82.71,78,63,5.75
kulhudhuffushi,6.6221,73.07,81.48,81.48,69,100,20.65
ahipara,-35.1667,173.1667,48.76,48.76,75,99,22.48
tocopilla,-22.092,-70.1979,63.59,63.59,63,19,12.75
mwene-ditu,-7.0,23.45,84.96,84.96,18,85,2.68
quetta,30.199,67.0097,83.5,83.5,24,0,5.91
mutare,-18.9707,32.6709,62.62,62.62,42,0,4.47
chara,56.9064,118.2631,59.38,59.38,81,75,2.3
kampong thum,12.7111,104.8887,80.4,80.4,88,100,4.18
celestun,20.8667,-90.4,87.08,87.08,60,3,4.12
saint pete beach,27.7253,-82.7412,88.18,91.26,69,1,1.01
brits,-25.6347,27.7802,74.41,74.93,28,0,4.7
praia da vitoria,38.7333,-27.0667,79.05,79.05,65,75,17.47
yar-sale,66.8333,70.8333,58.24,58.24,72,85,17.2
sakyla,61.0333,22.3333,68.02,68.56,60,100,7.2
alpena,45.0617,-83.4327,71.56,71.92,94,90,6.91
bograd,54.2344,90.8328,60.55,60.55,89,11,4.21
tuy hoa,13.0833,109.3,83.77,83.77,75,95,6.11
hobyo,5.3505,48.5268,77.16,77.16,83,100,27.38
ampanihy,-24.7,44.75,67.55,67.55,64,0,11.5
asmar,35.0333,71.3581,78.94,78.94,63,51,4.0
zyryanovsk,49.7386,84.2719,63.73,63.73,57,10,3.44
ilulissat,69.2167,-51.1,42.82,42.82,87,75,14.97
sasovo,54.3537,41.9199,82.53,82.53,37,100,5.95
valparaiso,-33.0393,-71.6273,56.84,56.84,67,75,6.91
palmares,-8.6833,-35.5917,79.03,79.03,60,79,9.55
ruwi,23.5996,58.5507,87.49,87.49,53,5,5.7
ilabaya,-17.4208,-70.5133,72.32,72.32,35,57,8.48
moussoro,13.6408,16.4901,90.32,90.32,45,75,10.76
mujiayingzi,42.1167,118.7833,71.82,71.82,66,100,5.37
trat,12.5,102.5,77.9,77.9,94,100,3.47
herat,34.5,62.0,88.38,88.38,12,0,28.39
huambo,-12.7761,15.7392,79.11,79.11,8,36,6.31
laguna de perlas,12.3429,-83.6712,82.49,82.49,86,78,11.5
tazovskiy,67.4667,78.7,58.75,58.75,70,5,8.43
kita,13.0349,-9.4895,80.46,80.46,80,97,7.05
kikwit,-5.041,18.8162,94.66,94.66,19,28,1.01
piombino,42.9348,10.5221,82.89,85.48,69,29,4.0
miranda,3.2499,-76.2281,75.33,75.33,63,71,5.26
qovlar,40.948,45.735,90.45,90.45,32,20,2.3
axim,4.8699,-2.2405,79.48,79.48,75,67,12.1
kippen,56.1268,-4.1709,60.91,63.45,96,99,2.51
impfondo,1.6381,18.0667,81.5,81.5,62,75,2.59
riyadh,24.6877,46.7219,107.74,107.74,11,73,13.4
longyearbyen,78.2186,15.6401,44.44,44.44,81,20,10.36
inta,66.0317,60.1659,48.94,48.94,96,100,10.42
mufulira,-12.5498,28.2407,71.2,71.2,26,0,3.56
los palacios,22.5872,-83.2486,89.67,89.67,56,43,4.74
providencia,28.7167,-111.5833,82.85,82.85,56,98,11.59
seoul,37.5683,126.9778,76.8,80.2,78,0,3.44
vysokoye,52.3709,23.3708,73.15,73.15,72,62,8.19
manokwari,-0.8667,134.0833,77.18,77.18,81,99,2.04
goderich,43.7501,-81.7165,73.74,75.2,78,100,9.22
kobryn,52.2138,24.3564,71.71,71.71,73,92,8.7
gold coast,-28.0,153.4333,58.44,60.01,95,75,4.0
ravar,31.2656,56.8055,89.38,89.38,11,0,5.48
mana,5.6592,-53.7767,85.17,85.17,67,20,5.79
ugljevik,44.6636,19.0203,97.97,97.97,17,57,1.5
darab,28.7519,54.5444,95.86,95.86,17,91,4.85
ambulu,-8.345,113.6058,75.09,75.09,90,41,4.97
bonthe,7.5264,-12.505,81.18,81.18,68,98,12.21
easton,40.6884,-75.2207,77.85,81.64,64,40,3.0
kidal,18.4411,1.4078,98.42,98.42,30,91,14.16
rancho palos verdes,33.7445,-118.387,66.13,73.92,88,90,3.0
le port,-20.9373,55.2919,69.76,69.8,77,39,3.09
sterlibashevo,53.4376,55.2578,67.91,67.91,28,1,7.09
oktyabrskoye,43.0645,44.7417,78.94,78.94,74,75,6.71
marystown,47.1666,-55.1483,68.25,68.25,80,100,12.3
tawang,27.5833,91.8667,59.02,59.02,98,100,1.9
rapid valley,44.0625,-103.1463,86.54,90.43,32,1,1.99
mwinilunga,-11.7358,24.4293,77.31,77.31,18,26,7.07
